label,text,prompt,model_output,correct
Cervical spondylosis,"In addition to having excruciating back pain, I've also been coughing up mucus and feeling weak all over. I've been feeling lightheaded and unstable on my feet, and my neck hurts as well.","Symptoms: In addition to having excruciating back pain, I've also been coughing up mucus and feeling weak all over. I've been feeling lightheaded and unstable on my feet, and my neck hurts as well.
Diagnosis:",Psoriasis,False
Arthritis,I've been feeling really weak in my muscles and my neck has been really stiff. My joints have been swelling up and it's been hard to move around. Walking has been really painful.,"Symptoms: I've been feeling really weak in my muscles and my neck has been really stiff. My joints have been swelling up and it's been hard to move around. Walking has been really painful.
Diagnosis:",Cervical spondylosis,False
Bronchial asthma,"I've had ongoing health problems for a week, including a dry cough, breathing difficulties, and general weakness.","Symptoms: I've had ongoing health problems for a week, including a dry cough, breathing difficulties, and general weakness.
Diagnosis:",Psoriasis,False
Arthritis,I've been feeling really weak in my muscles and my neck has been really stiff. My joints have been swelling up and I've been having a lot of stiffness when I move around. It's also been really painful to walk.,"Symptoms: I've been feeling really weak in my muscles and my neck has been really stiff. My joints have been swelling up and I've been having a lot of stiffness when I move around. It's also been really painful to walk.
Diagnosis:",Cervical spondylosis,False
Cervical spondylosis,"Back pain, a dry cough, and a lack of muscle strength have been bothering me. My neck hurts, and I've been feeling lightheaded and shaky.","Symptoms: Back pain, a dry cough, and a lack of muscle strength have been bothering me. My neck hurts, and I've been feeling lightheaded and shaky.
Diagnosis:",Cervical spondylosis,True
Psoriasis,"I have noticed a sudden peeling of skin at different parts of my body, mainly arms, legs and back. Also, I face severe joint pain and skin rashes.","Symptoms: I have noticed a sudden peeling of skin at different parts of my body, mainly arms, legs and back. Also, I face severe joint pain and skin rashes.
Diagnosis:",Psoriasis,True
Bronchial asthma,"I've had a persistent cough for days, and I also have breathing problems. I'm so weak and exhausted, and my fever is through the roof. It's been very difficult to manage all of these symptoms, and I've also been coughing up a lot of mucus. I'm becoming so angry over everything.","Symptoms: I've had a persistent cough for days, and I also have breathing problems. I'm so weak and exhausted, and my fever is through the roof. It's been very difficult to manage all of these symptoms, and I've also been coughing up a lot of mucus. I'm becoming so angry over everything.
Diagnosis:",The symptoms described in the last scenario are indicative of Bronchial asthma.,True
Arthritis,"I've been experiencing stiffness and weakness in my neck muscles recently. Since my joints have grownup, it's onerous on behalf of me to run while not obtaining stiff. in addition, walking has been extraordinarily uncomfortable.","Symptoms: I've been experiencing stiffness and weakness in my neck muscles recently. Since my joints have grownup, it's onerous on behalf of me to run while not obtaining stiff. in addition, walking has been extraordinarily uncomfortable.
Diagnosis:",Cervical spondylosis,False
Psoriasis,My fingers and soles have pretty thick skin that is cracked severely. These fractures hurt and bleed frequently. The fractures are itchy and covered with scales.,"Symptoms: My fingers and soles have pretty thick skin that is cracked severely. These fractures hurt and bleed frequently. The fractures are itchy and covered with scales.
Diagnosis:",Psoriasis,True
Bronchial asthma,"I've had a lot of sleepiness, a cough that refuses to go away, and breathing difficulty. I've been coughing up a lot of thick, mucoid saliva and have a high fever.","Symptoms: I've had a lot of sleepiness, a cough that refuses to go away, and breathing difficulty. I've been coughing up a lot of thick, mucoid saliva and have a high fever.
Diagnosis:",Psoriasis,False
Bronchial asthma," must confess that I've been experiencing shortness of breath, a persistent cough, and a high fever. I've also been producing a lot of thick, mucoid sputum, and I'm feeling quite drained and exhausted. It's all been rather tough to deal with, and I'm feeling quite sick at the moment","Symptoms:  must confess that I've been experiencing shortness of breath, a persistent cough, and a high fever. I've also been producing a lot of thick, mucoid sputum, and I'm feeling quite drained and exhausted. It's all been rather tough to deal with, and I'm feeling quite sick at the moment
Diagnosis:","Based on the symptoms described, the diagnosis for the first set of symptoms would be Cervical spondylosis. For the second set of symptoms, the diagnosis would be Bronchial asthma.",True
Bronchial asthma,"I've been having breathing issues, a persistent cough, and exhaustion. I've been coughing up a lot of thick, mucoid sputum and have a very high fever. I'm just feeling so drained and tired from having to deal with all of this.","Symptoms: I've been having breathing issues, a persistent cough, and exhaustion. I've been coughing up a lot of thick, mucoid sputum and have a very high fever. I'm just feeling so drained and tired from having to deal with all of this.
Diagnosis:","Based on the symptoms described, the diagnosis for the first set of symptoms would be Cervical spondylosis. For the second set of symptoms, the diagnosis would be Psoriasis.",False
Psoriasis,"My skin has been peeling, especially on my knees, elbows, and scalp. This peeling is often accompanied by a burning or stinging sensation.","Symptoms: My skin has been peeling, especially on my knees, elbows, and scalp. This peeling is often accompanied by a burning or stinging sensation.
Diagnosis:",Psoriasis,True
Bronchial asthma,"I feel really fatigued and weak, and I have a bad cough. My fever is really high, and my breathing has become shallow. When I cough, a lot of saliva comes out as well.","Symptoms: I feel really fatigued and weak, and I have a bad cough. My fever is really high, and my breathing has become shallow. When I cough, a lot of saliva comes out as well.
Diagnosis:","Based on the symptoms described, the diagnosis for each case would be as follows:

1. Cervical spondylosis
2. Bronchial asthma
3. Bronchial asthma
4. Cervical spondylos",True
Bronchial asthma,"In addition to sleepiness, I've been having trouble breathing due to a persistent cough. I've been coughing up a lot of thick, mucoid sputum and have a high fever.","Symptoms: In addition to sleepiness, I've been having trouble breathing due to a persistent cough. I've been coughing up a lot of thick, mucoid sputum and have a high fever.
Diagnosis:","Based on the symptoms described, the diagnosis for the first set of symptoms would be Cervical spondylosis. This condition is characterized by stiffness and weakness in the neck muscles, swelling of the joints, and difficulty in movement, especially while",False
Arthritis,"Recently, the muscles in my neck have become tight and weak. It's difficult for me to run now since my joints are older without getting tight. The act of walking has also been quite unpleasant.","Symptoms: Recently, the muscles in my neck have become tight and weak. It's difficult for me to run now since my joints are older without getting tight. The act of walking has also been quite unpleasant.
Diagnosis:",Cervical spondylosis,False
Cervical spondylosis,"Back pain, a persistent cough, and numbness in my arms and legs have been bothering me. I've had trouble staying balanced and experiencing dizziness, and my neck hurts.","Symptoms: Back pain, a persistent cough, and numbness in my arms and legs have been bothering me. I've had trouble staying balanced and experiencing dizziness, and my neck hurts.
Diagnosis:",Cervical spondylosis,True
Arthritis,"I've been experiencing severe muscular weakness, and my neck has been really stiff. I have swollen joints and find it difficult to move about without becoming stiff. It has also been really uncomfortable to walk.","Symptoms: I've been experiencing severe muscular weakness, and my neck has been really stiff. I have swollen joints and find it difficult to move about without becoming stiff. It has also been really uncomfortable to walk.
Diagnosis:",Cervical spondylosis,False
Psoriasis,"I have red and inflammatory skin around my mouth, nose, and eyes. It is frequently irritating and unpleasant. Recently, it has got very painful.","Symptoms: I have red and inflammatory skin around my mouth, nose, and eyes. It is frequently irritating and unpleasant. Recently, it has got very painful.
Diagnosis:",Psoriasis,True
Psoriasis,"My skin has a silvery layer over it, especially on my back and arms. This dusting is made up of small scales that peel off readily when rubbed. Also, there are rashes all over my body.","Symptoms: My skin has a silvery layer over it, especially on my back and arms. This dusting is made up of small scales that peel off readily when rubbed. Also, there are rashes all over my body.
Diagnosis:",Psoriasis,True
Arthritis,I've been feeling really weak in my muscles lately and my neck has been really stiff. My joints have been swollen and it's hard for me to move around. It's also been painful to walk.,"Symptoms: I've been feeling really weak in my muscles lately and my neck has been really stiff. My joints have been swollen and it's hard for me to move around. It's also been painful to walk.
Diagnosis:",Cervical spondylosis,False
Cervical spondylosis,"I've been experiencing back pain, a dry cough, and muscle weakness. I've been experiencing neck pain, feeling lightheaded, and having trouble standing still.","Symptoms: I've been experiencing back pain, a dry cough, and muscle weakness. I've been experiencing neck pain, feeling lightheaded, and having trouble standing still.
Diagnosis:",Cervical spondylosis,True
Psoriasis,"Because of dry, flaky areas on my skin, I am prone to infections. My joints are in extreme pain . My knees and elbows' skin are starting to peel off.","Symptoms: Because of dry, flaky areas on my skin, I am prone to infections. My joints are in extreme pain . My knees and elbows' skin are starting to peel off.
Diagnosis:",Psoriasis,True
Arthritis,"My neck has been extremely tight and my muscles have been feeling extremely weak. My joints have been swollen and I've been walking around with a lot of stiffness. Additionally, walking has been extremely uneasy.","Symptoms: My neck has been extremely tight and my muscles have been feeling extremely weak. My joints have been swollen and I've been walking around with a lot of stiffness. Additionally, walking has been extremely uneasy.
Diagnosis:",Cervical spondylosis,False
Psoriasis,"My skin rash gets worse in the winter when the air is dry. To keep my skin moisturized, I have to moisturize more regularly and use humidifiers. I am also facing joint pain.","Symptoms: My skin rash gets worse in the winter when the air is dry. To keep my skin moisturized, I have to moisturize more regularly and use humidifiers. I am also facing joint pain.
Diagnosis:",Psoriasis,True
Cervical spondylosis,"Back pain, a persistent cough, and numbness in my arms and legs have been bothering me. I've had trouble staying balanced and experiencing dizziness, and my neck hurts.","Symptoms: Back pain, a persistent cough, and numbness in my arms and legs have been bothering me. I've had trouble staying balanced and experiencing dizziness, and my neck hurts.
Diagnosis:",Cervical spondylosis,True
Arthritis,"My muscles have been quite weak, and my neck has been really stiff. My joints have swollen, making it difficult for me to move without becoming stiff. Walking has been quite uncomfortable as well.","Symptoms: My muscles have been quite weak, and my neck has been really stiff. My joints have swollen, making it difficult for me to move without becoming stiff. Walking has been quite uncomfortable as well.
Diagnosis:",Cervical spondylosis,False
Bronchial asthma,"I've got a cough that won't go away, and I'm exhausted. I've been coughing up thick mucous and my fever is also pretty high.","Symptoms: I've got a cough that won't go away, and I'm exhausted. I've been coughing up thick mucous and my fever is also pretty high.
Diagnosis:",Arthritis,False
Cervical spondylosis,"I have been dealing with back pain, a persistent cough, and weakness in my limbs. My neck is sore and I have had issues with dizziness and loss of balance.","Symptoms: I have been dealing with back pain, a persistent cough, and weakness in my limbs. My neck is sore and I have had issues with dizziness and loss of balance.
Diagnosis:",Cervical spondylosis,True
Cervical spondylosis,"I've had terrible back pain, a persistent cough, and weakness in my arms and legs. I have issues with dizziness and balance loss, and my neck hurts.","Symptoms: I've had terrible back pain, a persistent cough, and weakness in my arms and legs. I have issues with dizziness and balance loss, and my neck hurts.
Diagnosis:",Cervical spondylosis,True
